Title,description,images,category,longdescription,date
"GAIL ",Designing presence with a purpose. We designed GAIL’s IEW 2025 pavilion to go beyond aesthetics—crafting an experience that reinforces long-term brand recall.,gail 14.jpg(https://nocohub-001-prod-app-attachments.s3.us-east-2.amazonaws.com/nc/uploads/2025/10/02/7ba54758a2421d449305e04ab48e5440771148a5/gail%2014_IdYxA.jpg?X-Amz-Algorithm=AWS4-HMAC-SHA256&X-Amz-Content-Sha256=UNSIGNED-PAYLOAD&X-Amz-Credential=AKIATUJCOBWTFSXT22F2%2F20260716%2Fus-east-2%2Fs3%2Faws4_request&X-Amz-Date=20260716T100008Z&X-Amz-Expires=7792&X-Amz-Signature=38630eef4a73a3063d733d59b45ac1ae4f30ef73e1c7afe03605fdfdde7fc02e&X-Amz-SignedHeaders=host&response-content-disposition=inline%3B%20filename%3D%22gail%2014.jpg%22&response-content-type=image%2Fjpeg&x-amz-checksum-mode=ENABLED&x-id=GetObject),Advertising & Brand Consulting,"Designing presence with a purpose. We designed GAIL’s IEW 2025 pavilion to go beyond
aesthetics—crafting an experience that reinforces long-term brand recall. In a space meant
to last only days, how do you create lasting impact? For us, the answer lies in tactile
engagement, immersive tech, and a layout built to flow naturally with human curiosity. It’s
not just design—it’s emotion, interaction, and purpose built into every layer.
With tactile zones, digital storytelling, and smart navigation, every inch served a function.
The venue layout became an asset, not a limitation—our plan adapted to guide and invite.
From energy simulators to touch-based quizzes, the experience made GAIL’s scale feel
personal. Bold visuals and green textures captured the brand’s ethos without overpowering.
We aim for connection over clutter, presence over presentation. This approach isn’t about
us—it’s how we help our clients make impact that lasts. Because the right design doesn’t end
at the stall; it stays in people’s minds long after they leave.
",2025-07-16
GAIL METRO,"At India Energy Week 2025, hosted at the state-of-the-art Yashobhoomi Convention Centre in New Delhi, GAIL (India) Limited envisioned more than just a presence","gail 13.jpg(https://nocohub-001-prod-app-attachments.s3.us-east-2.amazonaws.com/nc/uploads/2025/10/02/7ba54758a2421d449305e04ab48e5440771148a5/gail%2013_9Obbo.jpg?X-Amz-Algorithm=AWS4-HMAC-SHA256&X-Amz-Content-Sha256=UNSIGNED-PAYLOAD&X-Amz-Credential=AKIATUJCOBWTFSXT22F2%2F20260716%2Fus-east-2%2Fs3%2Faws4_request&X-Amz-Date=20260716T100008Z&X-Amz-Expires=7792&X-Amz-Signature=c45a237f248761d4ce4b6acaac31abb4f9f43b0795076c73691a9603d2b5f15c&X-Amz-SignedHeaders=host&response-content-disposition=inline%3B%20filename%3D%22gail%2013.jpg%22&response-content-type=image%2Fjpeg&x-amz-checksum-mode=ENABLED&x-id=GetObject), watch(https://nocohub-001-prod-app-attachments.s3.us-east-2.amazonaws.com/nc/uploads/2026/07/16/7ba54758a2421d449305e04ab48e5440771148a5/watch_Hfhve?X-Amz-Algorithm=AWS4-HMAC-SHA256&X-Amz-Content-Sha256=UNSIGNED-PAYLOAD&X-Amz-Credential=AKIATUJCOBWTFSXT22F2%2F20260716%2Fus-east-2%2Fs3%2Faws4_request&X-Amz-Date=20260716T100008Z&X-Amz-Expires=7792&X-Amz-Signature=0cabe26c4a8bce314008d01d6b7cf639d0279398df19466de6333488d7d03531&X-Amz-SignedHeaders=host&response-content-disposition=attachment%3B%20filename%3D%22watch%22&response-content-type=text%2Fhtml&x-amz-checksum-mode=ENABLED&x-id=GetObject)",Exhibition Design & Turnkey Solutions,"Ever paused at a metro and felt a message speak to you?
Seen colour, art, and purpose come together on your daily route?
That’s not just design—it’s a conversation.
At Bikaji Cama, GAIL meets the everyday commuter, eye to eye.
We reimagined GAIL’s identity at the metro level through striking contemporary art—fresh,
honest, and human. The design was intentionally bold yet relatable, crafted to cut through
routine and spark awareness about greener energy. It amplified GAIL’s presence not just as
India’s leader in natural gas, but as a brand invested in the nation’s everyday lives. By
translating core values like sustainability, reliability, and innovation into engaging visuals, we
helped GAIL connect with the retail public in a memorable way. Our goal wasn’t just to
beautify a space—but to shape an experience that encourages recall, reflection, and
relevance. This campaign is a testament to how we turn brand stories into living, breathing
spaces that speak.
",2026-07-16
"GREENKO ",What does green innovation look like in action? How do you make clean energy feel tangible?,greenko2.jpg(https://nocohub-001-prod-app-attachments.s3.us-east-2.amazonaws.com/nc/uploads/2025/10/02/7ba54758a2421d449305e04ab48e5440771148a5/greenko2_9hpph.jpg?X-Amz-Algorithm=AWS4-HMAC-SHA256&X-Amz-Content-Sha256=UNSIGNED-PAYLOAD&X-Amz-Credential=AKIATUJCOBWTFSXT22F2%2F20260716%2Fus-east-2%2Fs3%2Faws4_request&X-Amz-Date=20260716T100008Z&X-Amz-Expires=7792&X-Amz-Signature=cfd4a5ee0e671ee15225821b36fb08b9fa981c249be6cf4096f4d6af995f2164&X-Amz-SignedHeaders=host&response-content-disposition=inline%3B%20filename%3D%22greenko2.jpg%22&response-content-type=image%2Fjpeg&x-amz-checksum-mode=ENABLED&x-id=GetObject),"Events, Conferences & Hospitality","What does green innovation look like in action? How do you make clean energy feel tangible?
It starts with a space that feels alive, with symbolism built into every element. A booth that
doesn’t just speak for the brand—but speaks as the brand. At Gastech 2023, we designed
Greenko’s first major global exhibition booth to do more than showcase—it was crafted to
introduce. As a company stepping onto the global stage, Greenko needed a space that
reflected a clear, compelling identity from the very first glance. Our design expressed their
vision through clean architecture, green textures, and interactive touchpoints that made
their mission feel both real and relatable. Every detail was guided by a bigger question: How
does a four-day exhibit leave a long-term impression? How do you convert a marked space
on a floorplan into a strategic brand presence? By anchoring the booth in confident design
and visual clarity, we helped Greenko make a powerful statement. Long before conversations
began, the booth itself embodied the brand’s promise: innovative, green, and ready for the
future.",2025-09-02
LT FOODS,The rebranding of LT FOODS began with a clear shift—from a well-known rice brand to a future-facing global food identity.,"Candid Tantra-5.jpg(https://nocohub-001-prod-app-attachments.s3.us-east-2.amazonaws.com/nc/uploads/2025/10/02/7ba54758a2421d449305e04ab48e5440771148a5/Candid%20Tantra-5_zYVD3.jpg?X-Amz-Algorithm=AWS4-HMAC-SHA256&X-Amz-Content-Sha256=UNSIGNED-PAYLOAD&X-Amz-Credential=AKIATUJCOBWTFSXT22F2%2F20260716%2Fus-east-2%2Fs3%2Faws4_request&X-Amz-Date=20260716T100008Z&X-Amz-Expires=7792&X-Amz-Signature=e2bf8314b157ceb256705165e016573332b5d87b27655e80829ceba73a6c2b48&X-Amz-SignedHeaders=host&response-content-disposition=inline%3B%20filename%3D%22Candid%20Tantra-5.jpg%22&response-content-type=image%2Fjpeg&x-amz-checksum-mode=ENABLED&x-id=GetObject), Candid Tantra-5(1).jpg(https://nocohub-001-prod-app-attachments.s3.us-east-2.amazonaws.com/nc/uploads/2025/10/02/7ba54758a2421d449305e04ab48e5440771148a5/Candid%20Tantra-5_zYVD3.jpg?X-Amz-Algorithm=AWS4-HMAC-SHA256&X-Amz-Content-Sha256=UNSIGNED-PAYLOAD&X-Amz-Credential=AKIATUJCOBWTFSXT22F2%2F20260716%2Fus-east-2%2Fs3%2Faws4_request&X-Amz-Date=20260716T100008Z&X-Amz-Expires=7792&X-Amz-Signature=c88872c95389e8791a39a0b941e7741dee8f06cc4f542035458fe988d1fa360b&X-Amz-SignedHeaders=host&response-content-disposition=inline%3B%20filename%3D%22Candid%20Tantra-5%281%29.jpg%22&response-content-type=image%2Fjpeg&x-amz-checksum-mode=ENABLED&x-id=GetObject), case2.jpeg(https://nocohub-001-prod-app-attachments.s3.us-east-2.amazonaws.com/nc/uploads/2026/01/13/7ba54758a2421d449305e04ab48e5440771148a5/case2_yC_YV.jpeg?X-Amz-Algorithm=AWS4-HMAC-SHA256&X-Amz-Content-Sha256=UNSIGNED-PAYLOAD&X-Amz-Credential=AKIATUJCOBWTFSXT22F2%2F20260716%2Fus-east-2%2Fs3%2Faws4_request&X-Amz-Date=20260716T100008Z&X-Amz-Expires=7792&X-Amz-Signature=8c54b0ec0798dd3853e716f7f7ff0ce20ec255ddbeae6004f842eb0b29db0e36&X-Amz-SignedHeaders=host&response-content-disposition=inline%3B%20filename%3D%22case2.jpeg%22&response-content-type=image%2Fjpeg&x-amz-checksum-mode=ENABLED&x-id=GetObject)",Murals & Installations,"The rebranding of LT FOODS began with a clear shift—from a well-known rice brand to a
future-facing global food identity. It started with bold moves in communication and
advertising design, evolved through a refreshed brand character, and took shape as a fully
developed experiential presence. We brought this transformation to life by building multiple
pavilions that showcased LT FOODS’ global strength while introducing and sampling a new
range of innovative products. The layout was open, intuitive, and experience-led—
encouraging visitors to engage, explore, and interact naturally. Immersive zones and
thoughtfully crafted content turned the space into a live expression of the brand. Strategic
communication design helped translate core brand values into impactful, memorable
messaging that resonated with diverse audiences. Every element—visuals, messaging,
structure—was carefully aligned to reposition LT FOODS from product-first recognition to
purpose-driven relevance. The result wasn’t just visibility—it was a powerful repositioning
that turned a pavilion into a brand moment.
",2025-09-01
LT FOODS,The rebranding of LT FOODS began with a clear shift—from a well-known rice brand to a future-facing global food identity.,Candid Tantra-5.jpg(https://nocohub-001-prod-app-attachments.s3.us-east-2.amazonaws.com/nc/uploads/2025/10/02/7ba54758a2421d449305e04ab48e5440771148a5/Candid%20Tantra-5_zYVD3.jpg?X-Amz-Algorithm=AWS4-HMAC-SHA256&X-Amz-Content-Sha256=UNSIGNED-PAYLOAD&X-Amz-Credential=AKIATUJCOBWTFSXT22F2%2F20260716%2Fus-east-2%2Fs3%2Faws4_request&X-Amz-Date=20260716T100008Z&X-Amz-Expires=7792&X-Amz-Signature=e2bf8314b157ceb256705165e016573332b5d87b27655e80829ceba73a6c2b48&X-Amz-SignedHeaders=host&response-content-disposition=inline%3B%20filename%3D%22Candid%20Tantra-5.jpg%22&response-content-type=image%2Fjpeg&x-amz-checksum-mode=ENABLED&x-id=GetObject),Digital & Media Production,"The rebranding of LT FOODS began with a clear shift—from a well-known rice brand to a
future-facing global food identity. It started with bold moves in communication and
advertising design, evolved through a refreshed brand character, and took shape as a fully
developed experiential presence. We brought this transformation to life by building multiple
pavilions that showcased LT FOODS’ global strength while introducing and sampling a new
range of innovative products. The layout was open, intuitive, and experience-led—
encouraging visitors to engage, explore, and interact naturally. Immersive zones and
thoughtfully crafted content turned the space into a live expression of the brand. Strategic
communication design helped translate core brand values into impactful, memorable
messaging that resonated with diverse audiences. Every element—visuals, messaging,
structure—was carefully aligned to reposition LT FOODS from product-first recognition to
purpose-driven relevance. The result wasn’t just visibility—it was a powerful repositioning
that turned a pavilion into a brand moment.
",2025-09-01
LT FOODS,The rebranding of LT FOODS began with a clear shift—from a well-known rice brand to a future-facing global food identity.,Candid Tantra-5.jpg(https://nocohub-001-prod-app-attachments.s3.us-east-2.amazonaws.com/nc/uploads/2025/10/02/7ba54758a2421d449305e04ab48e5440771148a5/Candid%20Tantra-5_zYVD3.jpg?X-Amz-Algorithm=AWS4-HMAC-SHA256&X-Amz-Content-Sha256=UNSIGNED-PAYLOAD&X-Amz-Credential=AKIATUJCOBWTFSXT22F2%2F20260716%2Fus-east-2%2Fs3%2Faws4_request&X-Amz-Date=20260716T100008Z&X-Amz-Expires=7792&X-Amz-Signature=e2bf8314b157ceb256705165e016573332b5d87b27655e80829ceba73a6c2b48&X-Amz-SignedHeaders=host&response-content-disposition=inline%3B%20filename%3D%22Candid%20Tantra-5.jpg%22&response-content-type=image%2Fjpeg&x-amz-checksum-mode=ENABLED&x-id=GetObject),Interactive Exhibits & Displays,"The rebranding of LT FOODS began with a clear shift—from a well-known rice brand to a
future-facing global food identity. It started with bold moves in communication and
advertising design, evolved through a refreshed brand character, and took shape as a fully
developed experiential presence. We brought this transformation to life by building multiple
pavilions that showcased LT FOODS’ global strength while introducing and sampling a new
range of innovative products. The layout was open, intuitive, and experience-led—
encouraging visitors to engage, explore, and interact naturally. Immersive zones and
thoughtfully crafted content turned the space into a live expression of the brand. Strategic
communication design helped translate core brand values into impactful, memorable
messaging that resonated with diverse audiences. Every element—visuals, messaging,
structure—was carefully aligned to reposition LT FOODS from product-first recognition to
purpose-driven relevance. The result wasn’t just visibility—it was a powerful repositioning
that turned a pavilion into a brand moment.
",2025-09-01
"GREENKO ",What does green innovation look like in action? How do you make clean energy feel tangible?,greenko2.jpg(https://nocohub-001-prod-app-attachments.s3.us-east-2.amazonaws.com/nc/uploads/2025/10/02/7ba54758a2421d449305e04ab48e5440771148a5/greenko2_9hpph.jpg?X-Amz-Algorithm=AWS4-HMAC-SHA256&X-Amz-Content-Sha256=UNSIGNED-PAYLOAD&X-Amz-Credential=AKIATUJCOBWTFSXT22F2%2F20260716%2Fus-east-2%2Fs3%2Faws4_request&X-Amz-Date=20260716T100008Z&X-Amz-Expires=7792&X-Amz-Signature=cfd4a5ee0e671ee15225821b36fb08b9fa981c249be6cf4096f4d6af995f2164&X-Amz-SignedHeaders=host&response-content-disposition=inline%3B%20filename%3D%22greenko2.jpg%22&response-content-type=image%2Fjpeg&x-amz-checksum-mode=ENABLED&x-id=GetObject),Omesa Arts,"What does green innovation look like in action? How do you make clean energy feel tangible?
It starts with a space that feels alive, with symbolism built into every element. A booth that
doesn’t just speak for the brand—but speaks as the brand. At Gastech 2023, we designed
Greenko’s first major global exhibition booth to do more than showcase—it was crafted to
introduce. As a company stepping onto the global stage, Greenko needed a space that
reflected a clear, compelling identity from the very first glance. Our design expressed their
vision through clean architecture, green textures, and interactive touchpoints that made
their mission feel both real and relatable. Every detail was guided by a bigger question: How
does a four-day exhibit leave a long-term impression? How do you convert a marked space
on a floorplan into a strategic brand presence? By anchoring the booth in confident design
and visual clarity, we helped Greenko make a powerful statement. Long before conversations
began, the booth itself embodied the brand’s promise: innovative, green, and ready for the
future.",2025-09-02
"GREENKO ",What does green innovation look like in action? How do you make clean energy feel tangible?,greenko2.jpg(https://nocohub-001-prod-app-attachments.s3.us-east-2.amazonaws.com/nc/uploads/2025/10/02/7ba54758a2421d449305e04ab48e5440771148a5/greenko2_9hpph.jpg?X-Amz-Algorithm=AWS4-HMAC-SHA256&X-Amz-Content-Sha256=UNSIGNED-PAYLOAD&X-Amz-Credential=AKIATUJCOBWTFSXT22F2%2F20260716%2Fus-east-2%2Fs3%2Faws4_request&X-Amz-Date=20260716T100008Z&X-Amz-Expires=7792&X-Amz-Signature=cfd4a5ee0e671ee15225821b36fb08b9fa981c249be6cf4096f4d6af995f2164&X-Amz-SignedHeaders=host&response-content-disposition=inline%3B%20filename%3D%22greenko2.jpg%22&response-content-type=image%2Fjpeg&x-amz-checksum-mode=ENABLED&x-id=GetObject),Omesa Arts,"What does green innovation look like in action? How do you make clean energy feel tangible?
It starts with a space that feels alive, with symbolism built into every element. A booth that
doesn’t just speak for the brand—but speaks as the brand. At Gastech 2023, we designed
Greenko’s first major global exhibition booth to do more than showcase—it was crafted to
introduce. As a company stepping onto the global stage, Greenko needed a space that
reflected a clear, compelling identity from the very first glance. Our design expressed their
vision through clean architecture, green textures, and interactive touchpoints that made
their mission feel both real and relatable. Every detail was guided by a bigger question: How
does a four-day exhibit leave a long-term impression? How do you convert a marked space
on a floorplan into a strategic brand presence? By anchoring the booth in confident design
and visual clarity, we helped Greenko make a powerful statement. Long before conversations
began, the booth itself embodied the brand’s promise: innovative, green, and ready for the
future.",2025-09-02
"GAIL ",Designing presence with a purpose. We designed GAIL’s IEW 2025 pavilion to go beyond aesthetics—crafting an experience that reinforces long-term brand recall.,gail 14.jpg(https://nocohub-001-prod-app-attachments.s3.us-east-2.amazonaws.com/nc/uploads/2025/10/02/7ba54758a2421d449305e04ab48e5440771148a5/gail%2014_IdYxA.jpg?X-Amz-Algorithm=AWS4-HMAC-SHA256&X-Amz-Content-Sha256=UNSIGNED-PAYLOAD&X-Amz-Credential=AKIATUJCOBWTFSXT22F2%2F20260716%2Fus-east-2%2Fs3%2Faws4_request&X-Amz-Date=20260716T100008Z&X-Amz-Expires=7792&X-Amz-Signature=38630eef4a73a3063d733d59b45ac1ae4f30ef73e1c7afe03605fdfdde7fc02e&X-Amz-SignedHeaders=host&response-content-disposition=inline%3B%20filename%3D%22gail%2014.jpg%22&response-content-type=image%2Fjpeg&x-amz-checksum-mode=ENABLED&x-id=GetObject),Advertising & Brand Consulting,"Designing presence with a purpose. We designed GAIL’s IEW 2025 pavilion to go beyond
aesthetics—crafting an experience that reinforces long-term brand recall. In a space meant
to last only days, how do you create lasting impact? For us, the answer lies in tactile
engagement, immersive tech, and a layout built to flow naturally with human curiosity. It’s
not just design—it’s emotion, interaction, and purpose built into every layer.
With tactile zones, digital storytelling, and smart navigation, every inch served a function.
The venue layout became an asset, not a limitation—our plan adapted to guide and invite.
From energy simulators to touch-based quizzes, the experience made GAIL’s scale feel
personal. Bold visuals and green textures captured the brand’s ethos without overpowering.
We aim for connection over clutter, presence over presentation. This approach isn’t about
us—it’s how we help our clients make impact that lasts. Because the right design doesn’t end
at the stall; it stays in people’s minds long after they leave.
",2025-09-04
GAIL METRO,"At India Energy Week 2025, hosted at the state-of-the-art Yashobhoomi Convention Centre in New Delhi, GAIL (India) Limited envisioned more than just a presence",gail 13.jpg(https://nocohub-001-prod-app-attachments.s3.us-east-2.amazonaws.com/nc/uploads/2025/10/02/7ba54758a2421d449305e04ab48e5440771148a5/gail%2013_9Obbo.jpg?X-Amz-Algorithm=AWS4-HMAC-SHA256&X-Amz-Content-Sha256=UNSIGNED-PAYLOAD&X-Amz-Credential=AKIATUJCOBWTFSXT22F2%2F20260716%2Fus-east-2%2Fs3%2Faws4_request&X-Amz-Date=20260716T100008Z&X-Amz-Expires=7792&X-Amz-Signature=c45a237f248761d4ce4b6acaac31abb4f9f43b0795076c73691a9603d2b5f15c&X-Amz-SignedHeaders=host&response-content-disposition=inline%3B%20filename%3D%22gail%2013.jpg%22&response-content-type=image%2Fjpeg&x-amz-checksum-mode=ENABLED&x-id=GetObject),Exhibition Design & Turnkey Solutions,"Ever paused at a metro and felt a message speak to you?
Seen colour, art, and purpose come together on your daily route?
That’s not just design—it’s a conversation.
At Bikaji Cama, GAIL meets the everyday commuter, eye to eye.
We reimagined GAIL’s identity at the metro level through striking contemporary art—fresh,
honest, and human. The design was intentionally bold yet relatable, crafted to cut through
routine and spark awareness about greener energy. It amplified GAIL’s presence not just as
India’s leader in natural gas, but as a brand invested in the nation’s everyday lives. By
translating core values like sustainability, reliability, and innovation into engaging visuals, we
helped GAIL connect with the retail public in a memorable way. Our goal wasn’t just to
beautify a space—but to shape an experience that encourages recall, reflection, and
relevance. This campaign is a testament to how we turn brand stories into living, breathing
spaces that speak.
",2025-09-03
NEW DATA,,,,,