Title,description,Date,Address,Image
"Gastech ","Where energy leaders meet, presence matters.
In Milan, every brand will be vying for attention on a global stage. We help you break through the noise with pavilions designed to captivate—bold structures, immersive storytelling, and details that invite visitors to pause, engage, and remember. At Gastech, we don’t just create a booth. We create a destination
",9–12 September 2025,"Milan, Italy",event.jpeg(https://nocohub-001-prod-app-attachments.s3.us-east-2.amazonaws.com/nc/uploads/2026/01/13/7ba54758a2421d449305e04ab48e5440771148a5/event_Qwrc8.jpeg?X-Amz-Algorithm=AWS4-HMAC-SHA256&X-Amz-Content-Sha256=UNSIGNED-PAYLOAD&X-Amz-Credential=AKIATUJCOBWTFSXT22F2%2F20260716%2Fus-east-2%2Fs3%2Faws4_request&X-Amz-Date=20260716T100031Z&X-Amz-Expires=7769&X-Amz-Signature=435526c3b4e5441d27932508d3a9dcf2c8b4cb94221b7ed1a29093f8ebb04fa4&X-Amz-SignedHeaders=host&response-content-disposition=inline%3B%20filename%3D%22event.jpeg%22&response-content-type=image%2Fjpeg&x-amz-checksum-mode=ENABLED&x-id=GetObject)
"Semicon India ","Designing clarity for the most complex innovations.
Semicon India is about precision, scale, and vision. Your exhibit should reflect the same. From sleek, minimal layouts to interactive zones that simplify complex systems, we design spaces that communicate leadership in technology and innovation. At Omesa, we ensure your presence feels as advanced as the solutions you bring.
","2–4 September 2025 ","Yashobhoomi, New Delhi",event.jpeg(https://nocohub-001-prod-app-attachments.s3.us-east-2.amazonaws.com/nc/uploads/2026/01/13/7ba54758a2421d449305e04ab48e5440771148a5/event_9U78d.jpeg?X-Amz-Algorithm=AWS4-HMAC-SHA256&X-Amz-Content-Sha256=UNSIGNED-PAYLOAD&X-Amz-Credential=AKIATUJCOBWTFSXT22F2%2F20260716%2Fus-east-2%2Fs3%2Faws4_request&X-Amz-Date=20260716T100031Z&X-Amz-Expires=7769&X-Amz-Signature=640608066f15653a3f47d9e960bf2fdd9f2ef37d3d49dde64064215b236f6bc4&X-Amz-SignedHeaders=host&response-content-disposition=inline%3B%20filename%3D%22event.jpeg%22&response-content-type=image%2Fjpeg&x-amz-checksum-mode=ENABLED&x-id=GetObject)
"India Energy Week ","Your story in the heart of India’s energy future.
India Energy Week is more than an event—it’s a platform to shape conversations. We help brands translate their values into immersive environments where sustainability and innovation come alive. From tactile zones to dynamic digital displays, we design pavilions that turn footfall into real engagement.
","27–30 January 2026 ","Goa, India",event.jpeg(https://nocohub-001-prod-app-attachments.s3.us-east-2.amazonaws.com/nc/uploads/2026/01/13/7ba54758a2421d449305e04ab48e5440771148a5/event_lslq8.jpeg?X-Amz-Algorithm=AWS4-HMAC-SHA256&X-Amz-Content-Sha256=UNSIGNED-PAYLOAD&X-Amz-Credential=AKIATUJCOBWTFSXT22F2%2F20260716%2Fus-east-2%2Fs3%2Faws4_request&X-Amz-Date=20260716T100031Z&X-Amz-Expires=7769&X-Amz-Signature=87120c11aeb77994a30e990cb90565ea8d1e1f049d6a0b964a0c5648b0bdb0db&X-Amz-SignedHeaders=host&response-content-disposition=inline%3B%20filename%3D%22event.jpeg%22&response-content-type=image%2Fjpeg&x-amz-checksum-mode=ENABLED&x-id=GetObject)
SIBOS,"In the world of finance, every detail speaks volumes.
SIBOS demands sophistication, clarity, and trust. We craft spaces that embody these qualities—premium materials, clean design, and interactive technology that communicates your vision with confidence. With Omesa, your exhibit won’t just attract attention; it will inspire credibility.
",29 September–2 October 2025,"Messe Frankfurt, Germany",event.jpeg(https://nocohub-001-prod-app-attachments.s3.us-east-2.amazonaws.com/nc/uploads/2026/01/13/7ba54758a2421d449305e04ab48e5440771148a5/event_QO2Dw.jpeg?X-Amz-Algorithm=AWS4-HMAC-SHA256&X-Amz-Content-Sha256=UNSIGNED-PAYLOAD&X-Amz-Credential=AKIATUJCOBWTFSXT22F2%2F20260716%2Fus-east-2%2Fs3%2Faws4_request&X-Amz-Date=20260716T100031Z&X-Amz-Expires=7769&X-Amz-Signature=a13426a946297afe4d7d200e3493bf9cfd3a970c9adadfe30a81ac895ddde828&X-Amz-SignedHeaders=host&response-content-disposition=inline%3B%20filename%3D%22event.jpeg%22&response-content-type=image%2Fjpeg&x-amz-checksum-mode=ENABLED&x-id=GetObject)
"Dairy Tech ","Celebrating tradition, showcasing innovation.
At Dairy Tech, brands have an opportunity to go beyond products and create emotional connections. We design interactive experiences—farm-to-table storytelling, immersive tasting zones, and thoughtful layouts—that make visitors feel your commitment to quality and innovation. Your story deserves a space that leaves a lasting impression.
","1–3 August 2025 ",Bangalore International Exhibition Centre,event.jpeg(https://nocohub-001-prod-app-attachments.s3.us-east-2.amazonaws.com/nc/uploads/2026/01/13/7ba54758a2421d449305e04ab48e5440771148a5/event_t6Vu5.jpeg?X-Amz-Algorithm=AWS4-HMAC-SHA256&X-Amz-Content-Sha256=UNSIGNED-PAYLOAD&X-Amz-Credential=AKIATUJCOBWTFSXT22F2%2F20260716%2Fus-east-2%2Fs3%2Faws4_request&X-Amz-Date=20260716T100031Z&X-Amz-Expires=7769&X-Amz-Signature=5eedf115e7bd7007aeca1558e31f170f7f536b6cc983b63f4c9ce55ec25ea8db&X-Amz-SignedHeaders=host&response-content-disposition=inline%3B%20filename%3D%22event.jpeg%22&response-content-type=image%2Fjpeg&x-amz-checksum-mode=ENABLED&x-id=GetObject)