Number,title,description,Long_Description,OneLiner,Related_services,Attachments,Date
1,Advertising & Brand Consulting,"We craft compelling advertising and brand strategies that connect with audiences, build
recognition, and drive engagement.
","Great brands don’t shout — they speak clearly, with intent. At Omesa, our advertising and
brand consulting services are rooted in one core belief: strategy precedes creativity. Every
campaign we build is backed by thoughtful positioning and purpose-led messaging,
developed to not just cut through noise — but to mean something.
We begin by listening — to your brand, your audience, and your ambitions. Whether you're a
legacy enterprise reimagining your voice, or a young brand looking to make your mark, we
translate vision into voice and story into substance.
From full-scale campaign planning to defining tone of voice and building brand architecture,
we create systems that sustain. Our team works hand-in-hand with you to develop a visual
and verbal identity that connects across platforms — advertising, packaging, digital, print —
ensuring consistency and emotional resonance throughout.
This isn’t surface-level branding. It’s deep, research-backed work that helps brands stay
relevant in a changing world.","Shaping Perception, One Story at a Time"," Integrated Brand Campaigns
 Messaging Framework Development
 Visual Identity Systems
 Market & Audience Insight Mapping
 Tone of Voice & Copy Guidelines
 Strategic Naming & Rebranding",OMP_0722.JPG(https://nocohub-001-prod-app-attachments.s3.us-east-2.amazonaws.com/nc/uploads/2025/10/02/7ba54758a2421d449305e04ab48e5440771148a5/OMP_0722_gr-B1.JPG?X-Amz-Algorithm=AWS4-HMAC-SHA256&X-Amz-Content-Sha256=UNSIGNED-PAYLOAD&X-Amz-Credential=AKIATUJCOBWTFSXT22F2%2F20260716%2Fus-east-2%2Fs3%2Faws4_request&X-Amz-Date=20260716T100615Z&X-Amz-Expires=7425&X-Amz-Signature=ac219ba9cda55370d047be60115c6c3eb0737d008ae7918741f7008622d4c852&X-Amz-SignedHeaders=host&response-content-disposition=inline%3B%20filename%3D%22OMP_0722.JPG%22&response-content-type=image%2Fjpeg&x-amz-checksum-mode=ENABLED&x-id=GetObject),2025-09-08
2,Exhibition Design & Turnkey Solutions,"From creative concepts to on-ground execution, we offer end-to-end exhibition design and
management tailored to your goals.","In an environment where attention is currency, exhibitions are no longer just spaces —
they’re immersive brand expressions. At Omesa, we don’t just build stalls; we craft journeys
that turn passive visitors into engaged participants. Every project begins with a conversation:
What do you want your audience to feel, remember, and do?
We translate your strategic vision into spatial storytelling — blending architecture,
technology, and human behaviour into spaces that speak. Whether it's a global trade fair, a
government summit, or an industry showcase, our approach is always insight-led and deeply
collaborative.
From 3D conceptualization and layout design to on-ground fabrication, logistics, and
seamless execution — we manage the process end to end. But what sets us apart is our
attention to detail. Every light, finish, digital screen, and visitor flow is considered. The result
is an experience that not only looks spectacular but works with purpose.
We believe exhibitions should be more than functional. They should be unforgettable.",Where Design Meets Experience," Pavilion & Booth Design
 International Exhibition Execution
 Interactive Technology Integration
 Brand Environment Strategy
 3D Renders & Walkthroughs
 Fabrication & On-Site Supervision",DSC08189.jpg(https://nocohub-001-prod-app-attachments.s3.us-east-2.amazonaws.com/nc/uploads/2025/10/02/7ba54758a2421d449305e04ab48e5440771148a5/DSC08189_jhNWs.jpg?X-Amz-Algorithm=AWS4-HMAC-SHA256&X-Amz-Content-Sha256=UNSIGNED-PAYLOAD&X-Amz-Credential=AKIATUJCOBWTFSXT22F2%2F20260716%2Fus-east-2%2Fs3%2Faws4_request&X-Amz-Date=20260716T100615Z&X-Amz-Expires=7425&X-Amz-Signature=c137e369259e29588df5fbd6f655226e989d9443ae588332fa0d1e8f8becf765&X-Amz-SignedHeaders=host&response-content-disposition=inline%3B%20filename%3D%22DSC08189.jpg%22&response-content-type=image%2Fjpeg&x-amz-checksum-mode=ENABLED&x-id=GetObject),2025-09-07
3,"Events, Conferences & Hospitality","We plan and manage corporate events, conferences, and hospitality services with attention
to detail and smooth coordination.
","Every event tells a story — not just through words, but through how people feel when they
walk in, connect, and walk away inspired. At Omesa, we understand that a successful event
isn’t measured only by footfall or applause. It’s measured by the seamless orchestration of
logistics, the precision of the experience, and the moments that linger long after the last
guest has left.
From intimate leadership roundtables and high-stakes policy summits to large-scale
government conferences and global business forums, our team delivers across scale and
complexity. Every element — from venue management and protocol handling to staging, AV,
branding, and guest experiences — is handled with rigor, clarity, and discretion.
We become your extended team. Working quietly in the background, we ensure that
everything in the foreground looks effortless. It’s why diplomats, ministries, and
multinational companies trust us to handle their most high-profile moments.
Because when stakes are high, only precision and poise will do",More Than Just a Gathering," Event Strategy & Planning
 Government & B2B Conferences
 Protocol Management
 Delegate Registration & Guest Services
 Hospitality Desk & Travel Coordination
• AV, Branding & Stage Production",hyundai 1.jpg(https://nocohub-001-prod-app-attachments.s3.us-east-2.amazonaws.com/nc/uploads/2025/10/02/7ba54758a2421d449305e04ab48e5440771148a5/hyundai%201_tv0mw.jpg?X-Amz-Algorithm=AWS4-HMAC-SHA256&X-Amz-Content-Sha256=UNSIGNED-PAYLOAD&X-Amz-Credential=AKIATUJCOBWTFSXT22F2%2F20260716%2Fus-east-2%2Fs3%2Faws4_request&X-Amz-Date=20260716T100615Z&X-Amz-Expires=7425&X-Amz-Signature=8c4aee20faabef6caaaa4a56cac4df02b94d3d5df73d7acd220c4dbf4ba862cb&X-Amz-SignedHeaders=host&response-content-disposition=inline%3B%20filename%3D%22hyundai%201.jpg%22&response-content-type=image%2Fjpeg&x-amz-checksum-mode=ENABLED&x-id=GetObject),2025-09-06
4,Murals & Installations,We design and execute visually striking murals and installations that bring spaces to life and tell powerful stories.,"Some messages don’t belong in brochures — they deserve walls, ceilings, and courtyards. At
Omesa, murals and installations are not just decorative — they’re expressive, strategic, and
immersive. They’re built to spark conversations, elevate environments, and connect
audiences to your brand on an instinctive, emotional level.
Whether it’s a sprawling government building, a corporate lobby, a gallery, or a public
square, we transform blank spaces into vibrant storytelling canvases. Our in-house creative
team collaborates with curators, illustrators, architects, and spatial designers to blend
narrative with form. Every project begins with a story — your story — and evolves into a
landmark.
We don’t chase trends. We anchor meaning into space. We turn footfall into pause. Glances
into curiosity. And curiosity into connection.
Because some stories need more than a screen — they need walls that remember.
",Spaces That Speak Without Saying a Word," Custom Mural Design & Art Direction
 Interactive & Experiential Installations
 Corporate, Cultural & Heritage Themes
 Fabrication, Mounting & On-Site Execution
 Public Art & Community Engagement
 3D, Mixed-Media & Tech-Integrated Installations",_MG_8055.JPG(https://nocohub-001-prod-app-attachments.s3.us-east-2.amazonaws.com/nc/uploads/2025/10/02/7ba54758a2421d449305e04ab48e5440771148a5/_MG_8055_Su5Ou.JPG?X-Amz-Algorithm=AWS4-HMAC-SHA256&X-Amz-Content-Sha256=UNSIGNED-PAYLOAD&X-Amz-Credential=AKIATUJCOBWTFSXT22F2%2F20260716%2Fus-east-2%2Fs3%2Faws4_request&X-Amz-Date=20260716T100615Z&X-Amz-Expires=7425&X-Amz-Signature=e03150f85af7dea5fe2d01b83f2db8b7bd26880b22f4974a8e5b341639e1a4a1&X-Amz-SignedHeaders=host&response-content-disposition=inline%3B%20filename%3D%22_MG_8055.JPG%22&response-content-type=image%2Fjpeg&x-amz-checksum-mode=ENABLED&x-id=GetObject),2025-09-05
5,Digital & Media Production,"From videos to digital assets, we produce engaging content that captures attention and
elevates your brand presence.","Digital content is more than just output — it’s how your brand shows up, speaks, and stays
top of mind. At Omesa, we create content with clarity, strategy, and craft. Whether it’s a
cinematic brand film, a snappy social reel, or an immersive LED visual for a live event, we
design with purpose — every second counts, and every frame tells a story.
We don’t believe in one-size-fits-all formats. Our team works closely with you to define your
communication goals, understand your audience, and shape content that performs — not
just in terms of views, but in memory and meaning. From scripting and visual direction to
animation and multilingual voiceovers, we manage the entire production journey, ensuring
seamless execution at every stage.
Whether it’s a government summit, a product launch, or a digital-first campaign — our
content doesn’t just support the brand. It strengthens it.
Because in today’s media landscape, being seen isn’t enough. You have to be remembered.",Designed to Engage. Built to Perform.,"Brand Films & Corporate Videos
Social Media Content (Reels, Shorts, Statics)
Motion Graphics & Animation
Event AV Content & LED Visuals
Voiceover, Multilingual & Accessibility Edits
Scripting, Storyboarding & Production Supervision
",DSC04206.jpg(https://nocohub-001-prod-app-attachments.s3.us-east-2.amazonaws.com/nc/uploads/2025/10/02/7ba54758a2421d449305e04ab48e5440771148a5/DSC04206_rpaY4.jpg?X-Amz-Algorithm=AWS4-HMAC-SHA256&X-Amz-Content-Sha256=UNSIGNED-PAYLOAD&X-Amz-Credential=AKIATUJCOBWTFSXT22F2%2F20260716%2Fus-east-2%2Fs3%2Faws4_request&X-Amz-Date=20260716T100615Z&X-Amz-Expires=7425&X-Amz-Signature=e8d5f4d0f56d743397ffa8b2c76f3e1ca84e85033c19101e6dc28a92f9aeb955&X-Amz-SignedHeaders=host&response-content-disposition=inline%3B%20filename%3D%22DSC04206.jpg%22&response-content-type=image%2Fjpeg&x-amz-checksum-mode=ENABLED&x-id=GetObject),2025-09-04
6,Interactive Exhibits & Displays,"We create innovative, tech-driven displays and exhibits that invite interaction and deliver
memorable experiences.","In today’s fast-moving world, attention is fleeting — but interaction creates connection. At
Omesa, we design and build interactive exhibits that turn passive viewers into active
participants. From touchscreens and sensor-based walls to immersive media tables and ARenabled installations, we blend design with technology to create brand moments that are as
engaging as they are effective.
Every exhibit begins with a core question: what should the audience take away — not just
intellectually, but emotionally? Whether it’s a government pavilion explaining policy, a
corporate zone demonstrating innovation, or a cultural installation bringing heritage to life,
we make complex ideas accessible and memorable through interaction.
Our in-house team works across disciplines — UI/UX, content, spatial design, and hardware
integration — to ensure that form and function align seamlessly. We handle everything from
ideation to development, prototyping to final installation, across exhibitions, museums,
events, and permanent installations.
Because when people can engage, they remember. And when they remember, they return.
","Designed to Be Touched, Remembered, and Talked About"," Touchscreen Displays & Interactive Kiosks
 Sensor-Based Installations & Gesture Tech
 AR/VR & Immersive Display Integration
 Real-Time Data Dashboards & Media Walls
 Education & Heritage Exhibits
 Content Strategy, UX & Software Development",IMG20211222182149.jpg(https://nocohub-001-prod-app-attachments.s3.us-east-2.amazonaws.com/nc/uploads/2025/10/02/7ba54758a2421d449305e04ab48e5440771148a5/IMG20211222182149_HRZed.jpg?X-Amz-Algorithm=AWS4-HMAC-SHA256&X-Amz-Content-Sha256=UNSIGNED-PAYLOAD&X-Amz-Credential=AKIATUJCOBWTFSXT22F2%2F20260716%2Fus-east-2%2Fs3%2Faws4_request&X-Amz-Date=20260716T100615Z&X-Amz-Expires=7425&X-Amz-Signature=195f52b054928edef74f56017a5dbeb3b1221f662892f6051fda813b03a5d105&X-Amz-SignedHeaders=host&response-content-disposition=inline%3B%20filename%3D%22IMG20211222182149.jpg%22&response-content-type=image%2Fjpeg&x-amz-checksum-mode=ENABLED&x-id=GetObject),2025-09-03
7,Omesa Arts,"We bring art to life in all its forms—murals, sculptures, installations, and immersive experiences—transforming ordinary spaces into living, breathing canvases where stories unfold and emotions linger.","Some ideas are too profound for brochures and too vivid for screens—they demand form, texture, and scale. At Omesa Arts, we don’t just install art; we curate emotions, craft narratives, and build environments that invite reflection and spark dialogue.
Our work blurs the line between art and architecture. Whether it’s a corporate lobby infused with quiet elegance, a public space designed to provoke thought, or a cultural hub celebrating heritage, we bring your story to life in ways that engage the senses and stay etched in memory.
Our process is deeply collaborative. We work alongside visionary artists, architects, curators, and technologists to design pieces that feel both timeless and relevant. Every brushstroke, material, and structural element is chosen with purpose—to create work that doesn’t just exist in space but transforms it.
We don’t decorate. We compose. We don’t follow trends. We shape moments that move people—from the first glance to the lasting memory.
Because some spaces deserve more than art—they deserve a soul.","Where Art Meets Space, Stories Come Alive","Bespoke Mural Design & Art Direction 
Sculptures & Large-Scale Installations
Corporate, Cultural & Heritage Art Curation 
Interactive & Tech-Enabled Artwork
Public Art for Community Engagement 
Mixed Media and Experiential Storytelling Pieces 
Turnkey Fabrication & On-Site Execution ",,2025-09-02