logoname,logoImage
logo1,AD-Factor.png(https://nocohub-001-prod-app-attachments.s3.us-east-2.amazonaws.com/nc/uploads/2025/10/02/7ba54758a2421d449305e04ab48e5440771148a5/AD-Factor_OG8R2.png?X-Amz-Algorithm=AWS4-HMAC-SHA256&X-Amz-Content-Sha256=UNSIGNED-PAYLOAD&X-Amz-Credential=AKIATUJCOBWTFSXT22F2%2F20260716%2Fus-east-2%2Fs3%2Faws4_request&X-Amz-Date=20260716T095938Z&X-Amz-Expires=7222&X-Amz-Signature=b1464c6a3fd94116f841b0ec92eba328e6dc4224e42b1199cc3e08476c4b10e9&X-Amz-SignedHeaders=host&response-content-disposition=inline%3B%20filename%3D%22AD-Factor.png%22&response-content-type=image%2Fpng&x-amz-checksum-mode=ENABLED&x-id=GetObject)
logo2,ADIPC.png(https://nocohub-001-prod-app-attachments.s3.us-east-2.amazonaws.com/nc/uploads/2025/10/02/7ba54758a2421d449305e04ab48e5440771148a5/ADIPC_HBLXS.png?X-Amz-Algorithm=AWS4-HMAC-SHA256&X-Amz-Content-Sha256=UNSIGNED-PAYLOAD&X-Amz-Credential=AKIATUJCOBWTFSXT22F2%2F20260716%2Fus-east-2%2Fs3%2Faws4_request&X-Amz-Date=20260716T095938Z&X-Amz-Expires=7222&X-Amz-Signature=4774b2b6875f08546ce6d2ed613f7b34fd6691c42a4a1dbf02dfebb0e4d481d3&X-Amz-SignedHeaders=host&response-content-disposition=inline%3B%20filename%3D%22ADIPC.png%22&response-content-type=image%2Fpng&x-amz-checksum-mode=ENABLED&x-id=GetObject)
logo,Am_green.png(https://nocohub-001-prod-app-attachments.s3.us-east-2.amazonaws.com/nc/uploads/2025/10/02/7ba54758a2421d449305e04ab48e5440771148a5/Am_green_wWRwL.png?X-Amz-Algorithm=AWS4-HMAC-SHA256&X-Amz-Content-Sha256=UNSIGNED-PAYLOAD&X-Amz-Credential=AKIATUJCOBWTFSXT22F2%2F20260716%2Fus-east-2%2Fs3%2Faws4_request&X-Amz-Date=20260716T095938Z&X-Amz-Expires=7222&X-Amz-Signature=6d8346007efe2dea5377f20a6adad5efac91a00ab2e0962b6b71cc61f13fc0ff&X-Amz-SignedHeaders=host&response-content-disposition=inline%3B%20filename%3D%22Am_green.png%22&response-content-type=image%2Fpng&x-amz-checksum-mode=ENABLED&x-id=GetObject)
logo4,AMPHENOL.png(https://nocohub-001-prod-app-attachments.s3.us-east-2.amazonaws.com/nc/uploads/2026/02/21/7ba54758a2421d449305e04ab48e5440771148a5/AMPHENOL_B1zTH.png?X-Amz-Algorithm=AWS4-HMAC-SHA256&X-Amz-Content-Sha256=UNSIGNED-PAYLOAD&X-Amz-Credential=AKIATUJCOBWTFSXT22F2%2F20260716%2Fus-east-2%2Fs3%2Faws4_request&X-Amz-Date=20260716T095938Z&X-Amz-Expires=7222&X-Amz-Signature=885bf45a279d73178c6c20f45948e6747eaf37e3022763f03d32859e128a8b94&X-Amz-SignedHeaders=host&response-content-disposition=inline%3B%20filename%3D%22AMPHENOL.png%22&response-content-type=image%2Fpng&x-amz-checksum-mode=ENABLED&x-id=GetObject)
logo,ATS(1).png(https://nocohub-001-prod-app-attachments.s3.us-east-2.amazonaws.com/nc/uploads/2026/02/21/7ba54758a2421d449305e04ab48e5440771148a5/ATS_cTmbg.png?X-Amz-Algorithm=AWS4-HMAC-SHA256&X-Amz-Content-Sha256=UNSIGNED-PAYLOAD&X-Amz-Credential=AKIATUJCOBWTFSXT22F2%2F20260716%2Fus-east-2%2Fs3%2Faws4_request&X-Amz-Date=20260716T095938Z&X-Amz-Expires=7222&X-Amz-Signature=0a10abdd8d87846df50ff62d79fdced21a898a07a6b03942a4847ea8eba4b0a9&X-Amz-SignedHeaders=host&response-content-disposition=inline%3B%20filename%3D%22ATS%281%29.png%22&response-content-type=image%2Fpng&x-amz-checksum-mode=ENABLED&x-id=GetObject)
logo6,BASIC-4.png(https://nocohub-001-prod-app-attachments.s3.us-east-2.amazonaws.com/nc/uploads/2025/10/02/7ba54758a2421d449305e04ab48e5440771148a5/BASIC-4_lhF94.png?X-Amz-Algorithm=AWS4-HMAC-SHA256&X-Amz-Content-Sha256=UNSIGNED-PAYLOAD&X-Amz-Credential=AKIATUJCOBWTFSXT22F2%2F20260716%2Fus-east-2%2Fs3%2Faws4_request&X-Amz-Date=20260716T095938Z&X-Amz-Expires=7222&X-Amz-Signature=9754faf4b136ca1624ea91a8b5ffcbf920fd472cf037a64980e44ca09804508b&X-Amz-SignedHeaders=host&response-content-disposition=inline%3B%20filename%3D%22BASIC-4.png%22&response-content-type=image%2Fpng&x-amz-checksum-mode=ENABLED&x-id=GetObject)
logo7,BCPL.png(https://nocohub-001-prod-app-attachments.s3.us-east-2.amazonaws.com/nc/uploads/2025/10/02/7ba54758a2421d449305e04ab48e5440771148a5/BCPL_oSCFB.png?X-Amz-Algorithm=AWS4-HMAC-SHA256&X-Amz-Content-Sha256=UNSIGNED-PAYLOAD&X-Amz-Credential=AKIATUJCOBWTFSXT22F2%2F20260716%2Fus-east-2%2Fs3%2Faws4_request&X-Amz-Date=20260716T095938Z&X-Amz-Expires=7222&X-Amz-Signature=e968a9a0ef31dbdbe4cbcb439022958a07c061f2b2a0d046923e419c0ca82df1&X-Amz-SignedHeaders=host&response-content-disposition=inline%3B%20filename%3D%22BCPL.png%22&response-content-type=image%2Fpng&x-amz-checksum-mode=ENABLED&x-id=GetObject)
logo9,CAR DHAKO.png(https://nocohub-001-prod-app-attachments.s3.us-east-2.amazonaws.com/nc/uploads/2026/02/21/7ba54758a2421d449305e04ab48e5440771148a5/CAR%20DHAKO_pT9o2.png?X-Amz-Algorithm=AWS4-HMAC-SHA256&X-Amz-Content-Sha256=UNSIGNED-PAYLOAD&X-Amz-Credential=AKIATUJCOBWTFSXT22F2%2F20260716%2Fus-east-2%2Fs3%2Faws4_request&X-Amz-Date=20260716T095938Z&X-Amz-Expires=7222&X-Amz-Signature=34261b83e2b0020b4c8ca03f243ed19eaffc007bfeb3e786794f2befe0ef8dff&X-Amz-SignedHeaders=host&response-content-disposition=inline%3B%20filename%3D%22CAR%20DHAKO.png%22&response-content-type=image%2Fpng&x-amz-checksum-mode=ENABLED&x-id=GetObject)
logo10,CBGA(1).png(https://nocohub-001-prod-app-attachments.s3.us-east-2.amazonaws.com/nc/uploads/2026/02/21/7ba54758a2421d449305e04ab48e5440771148a5/CBGA_ddrhj.png?X-Amz-Algorithm=AWS4-HMAC-SHA256&X-Amz-Content-Sha256=UNSIGNED-PAYLOAD&X-Amz-Credential=AKIATUJCOBWTFSXT22F2%2F20260716%2Fus-east-2%2Fs3%2Faws4_request&X-Amz-Date=20260716T095938Z&X-Amz-Expires=7222&X-Amz-Signature=69a128e85ba9888eb3c585144bdb8ea3bd04642dfc48f77aef5ea8c43f884c1a&X-Amz-SignedHeaders=host&response-content-disposition=inline%3B%20filename%3D%22CBGA%281%29.png%22&response-content-type=image%2Fpng&x-amz-checksum-mode=ENABLED&x-id=GetObject)
logo11,CITROEN.png(https://nocohub-001-prod-app-attachments.s3.us-east-2.amazonaws.com/nc/uploads/2026/02/21/7ba54758a2421d449305e04ab48e5440771148a5/CITROEN_vNSM9.png?X-Amz-Algorithm=AWS4-HMAC-SHA256&X-Amz-Content-Sha256=UNSIGNED-PAYLOAD&X-Amz-Credential=AKIATUJCOBWTFSXT22F2%2F20260716%2Fus-east-2%2Fs3%2Faws4_request&X-Amz-Date=20260716T095938Z&X-Amz-Expires=7222&X-Amz-Signature=7efea211ff6c6219a72d79aee2d58ea221c2dbefcfaebe5f46582d07688ae005&X-Amz-SignedHeaders=host&response-content-disposition=inline%3B%20filename%3D%22CITROEN.png%22&response-content-type=image%2Fpng&x-amz-checksum-mode=ENABLED&x-id=GetObject)
logo12,Chem-Expo.png(https://nocohub-001-prod-app-attachments.s3.us-east-2.amazonaws.com/nc/uploads/2025/10/02/7ba54758a2421d449305e04ab48e5440771148a5/Chem-Expo_BdagB.png?X-Amz-Algorithm=AWS4-HMAC-SHA256&X-Amz-Content-Sha256=UNSIGNED-PAYLOAD&X-Amz-Credential=AKIATUJCOBWTFSXT22F2%2F20260716%2Fus-east-2%2Fs3%2Faws4_request&X-Amz-Date=20260716T095938Z&X-Amz-Expires=7222&X-Amz-Signature=b6cc41fd878d6684532a296ae9946c21767908064ebd1e2f95e7c27d4a2a1678&X-Amz-SignedHeaders=host&response-content-disposition=inline%3B%20filename%3D%22Chem-Expo.png%22&response-content-type=image%2Fpng&x-amz-checksum-mode=ENABLED&x-id=GetObject)
logo13,Dairy-Tech.png(https://nocohub-001-prod-app-attachments.s3.us-east-2.amazonaws.com/nc/uploads/2025/10/02/7ba54758a2421d449305e04ab48e5440771148a5/Dairy-Tech_29arL.png?X-Amz-Algorithm=AWS4-HMAC-SHA256&X-Amz-Content-Sha256=UNSIGNED-PAYLOAD&X-Amz-Credential=AKIATUJCOBWTFSXT22F2%2F20260716%2Fus-east-2%2Fs3%2Faws4_request&X-Amz-Date=20260716T095938Z&X-Amz-Expires=7222&X-Amz-Signature=5ed5688a5afa8f138d13465596f18f641c53db480cdada8641b9af7f1fbef0ce&X-Amz-SignedHeaders=host&response-content-disposition=inline%3B%20filename%3D%22Dairy-Tech.png%22&response-content-type=image%2Fpng&x-amz-checksum-mode=ENABLED&x-id=GetObject)
logo14,ENGINEERS INDIA LIMITED.png(https://nocohub-001-prod-app-attachments.s3.us-east-2.amazonaws.com/nc/uploads/2026/02/21/7ba54758a2421d449305e04ab48e5440771148a5/ENGINEERS%20INDIA%20LIMITED_3ICTQ.png?X-Amz-Algorithm=AWS4-HMAC-SHA256&X-Amz-Content-Sha256=UNSIGNED-PAYLOAD&X-Amz-Credential=AKIATUJCOBWTFSXT22F2%2F20260716%2Fus-east-2%2Fs3%2Faws4_request&X-Amz-Date=20260716T095938Z&X-Amz-Expires=7222&X-Amz-Signature=98773ebe2db660d41aa4ee960d24298bebd1ab18969abb2de0be2b161d764524&X-Amz-SignedHeaders=host&response-content-disposition=inline%3B%20filename%3D%22ENGINEERS%20INDIA%20LIMITED.png%22&response-content-type=image%2Fpng&x-amz-checksum-mode=ENABLED&x-id=GetObject)
logo15,ELECRAMA.png(https://nocohub-001-prod-app-attachments.s3.us-east-2.amazonaws.com/nc/uploads/2026/02/21/7ba54758a2421d449305e04ab48e5440771148a5/ELECRAMA_jtqrQ.png?X-Amz-Algorithm=AWS4-HMAC-SHA256&X-Amz-Content-Sha256=UNSIGNED-PAYLOAD&X-Amz-Credential=AKIATUJCOBWTFSXT22F2%2F20260716%2Fus-east-2%2Fs3%2Faws4_request&X-Amz-Date=20260716T095938Z&X-Amz-Expires=7222&X-Amz-Signature=9bf32c9f1b7e1317d238441f1e4d7774f23299f5331686e72059d99f79b20cfd&X-Amz-SignedHeaders=host&response-content-disposition=inline%3B%20filename%3D%22ELECRAMA.png%22&response-content-type=image%2Fpng&x-amz-checksum-mode=ENABLED&x-id=GetObject)
logo16,GASTECH.png(https://nocohub-001-prod-app-attachments.s3.us-east-2.amazonaws.com/nc/uploads/2026/02/21/7ba54758a2421d449305e04ab48e5440771148a5/GASTECH_U2Met.png?X-Amz-Algorithm=AWS4-HMAC-SHA256&X-Amz-Content-Sha256=UNSIGNED-PAYLOAD&X-Amz-Credential=AKIATUJCOBWTFSXT22F2%2F20260716%2Fus-east-2%2Fs3%2Faws4_request&X-Amz-Date=20260716T095938Z&X-Amz-Expires=7222&X-Amz-Signature=178fb862c406cb2caece2c90ebdef706b50f0641f0477efdbad90b22678e05d1&X-Amz-SignedHeaders=host&response-content-disposition=inline%3B%20filename%3D%22GASTECH.png%22&response-content-type=image%2Fpng&x-amz-checksum-mode=ENABLED&x-id=GetObject)
logo17,GAIL(1).png(https://nocohub-001-prod-app-attachments.s3.us-east-2.amazonaws.com/nc/uploads/2026/02/21/7ba54758a2421d449305e04ab48e5440771148a5/GAIL_BUciC.png?X-Amz-Algorithm=AWS4-HMAC-SHA256&X-Amz-Content-Sha256=UNSIGNED-PAYLOAD&X-Amz-Credential=AKIATUJCOBWTFSXT22F2%2F20260716%2Fus-east-2%2Fs3%2Faws4_request&X-Amz-Date=20260716T095938Z&X-Amz-Expires=7222&X-Amz-Signature=705258afca18c16cd5febc8cc7d6507949de2026140b85227a2e913b135d822f&X-Amz-SignedHeaders=host&response-content-disposition=inline%3B%20filename%3D%22GAIL%281%29.png%22&response-content-type=image%2Fpng&x-amz-checksum-mode=ENABLED&x-id=GetObject)
logo18,Greenko.png(https://nocohub-001-prod-app-attachments.s3.us-east-2.amazonaws.com/nc/uploads/2025/10/02/7ba54758a2421d449305e04ab48e5440771148a5/Greenko_Q4ElB.png?X-Amz-Algorithm=AWS4-HMAC-SHA256&X-Amz-Content-Sha256=UNSIGNED-PAYLOAD&X-Amz-Credential=AKIATUJCOBWTFSXT22F2%2F20260716%2Fus-east-2%2Fs3%2Faws4_request&X-Amz-Date=20260716T095938Z&X-Amz-Expires=7222&X-Amz-Signature=beea637ba7a49276eaab2ae1880bfe370d5352747846ce1d4b99c4e4c6b9693a&X-Amz-SignedHeaders=host&response-content-disposition=inline%3B%20filename%3D%22Greenko.png%22&response-content-type=image%2Fpng&x-amz-checksum-mode=ENABLED&x-id=GetObject)
logo19,HP-Lube.png(https://nocohub-001-prod-app-attachments.s3.us-east-2.amazonaws.com/nc/uploads/2025/10/02/7ba54758a2421d449305e04ab48e5440771148a5/HP-Lube_j9KfG.png?X-Amz-Algorithm=AWS4-HMAC-SHA256&X-Amz-Content-Sha256=UNSIGNED-PAYLOAD&X-Amz-Credential=AKIATUJCOBWTFSXT22F2%2F20260716%2Fus-east-2%2Fs3%2Faws4_request&X-Amz-Date=20260716T095938Z&X-Amz-Expires=7222&X-Amz-Signature=6214891b242ab820f3a395be01298a958f50304e368cacc58fce024a2a8f757f&X-Amz-SignedHeaders=host&response-content-disposition=inline%3B%20filename%3D%22HP-Lube.png%22&response-content-type=image%2Fpng&x-amz-checksum-mode=ENABLED&x-id=GetObject)
logo20,HP.png(https://nocohub-001-prod-app-attachments.s3.us-east-2.amazonaws.com/nc/uploads/2026/02/21/7ba54758a2421d449305e04ab48e5440771148a5/HP_Di0cV.png?X-Amz-Algorithm=AWS4-HMAC-SHA256&X-Amz-Content-Sha256=UNSIGNED-PAYLOAD&X-Amz-Credential=AKIATUJCOBWTFSXT22F2%2F20260716%2Fus-east-2%2Fs3%2Faws4_request&X-Amz-Date=20260716T095938Z&X-Amz-Expires=7222&X-Amz-Signature=9bfea11a43b37aade989db9cf0928a3ec4cec63e5ab42e18069344dfe8edc482&X-Amz-SignedHeaders=host&response-content-disposition=inline%3B%20filename%3D%22HP.png%22&response-content-type=image%2Fpng&x-amz-checksum-mode=ENABLED&x-id=GetObject)
logo21,ief.png(https://nocohub-001-prod-app-attachments.s3.us-east-2.amazonaws.com/nc/uploads/2026/02/21/7ba54758a2421d449305e04ab48e5440771148a5/ief_NodUw.png?X-Amz-Algorithm=AWS4-HMAC-SHA256&X-Amz-Content-Sha256=UNSIGNED-PAYLOAD&X-Amz-Credential=AKIATUJCOBWTFSXT22F2%2F20260716%2Fus-east-2%2Fs3%2Faws4_request&X-Amz-Date=20260716T095938Z&X-Amz-Expires=7222&X-Amz-Signature=a802bf8906a00ec1c477faa8e5468c031b4ae67e601154783625be7bd996ab02&X-Amz-SignedHeaders=host&response-content-disposition=inline%3B%20filename%3D%22ief.png%22&response-content-type=image%2Fpng&x-amz-checksum-mode=ENABLED&x-id=GetObject)
logo22,IEFE.png(https://nocohub-001-prod-app-attachments.s3.us-east-2.amazonaws.com/nc/uploads/2025/10/02/7ba54758a2421d449305e04ab48e5440771148a5/IEFE_nCbCk.png?X-Amz-Algorithm=AWS4-HMAC-SHA256&X-Amz-Content-Sha256=UNSIGNED-PAYLOAD&X-Amz-Credential=AKIATUJCOBWTFSXT22F2%2F20260716%2Fus-east-2%2Fs3%2Faws4_request&X-Amz-Date=20260716T095938Z&X-Amz-Expires=7222&X-Amz-Signature=d12d343890c192087e7fc99d3f0195ad2e14368ea0c243f9e5e1f89e3f34d528&X-Amz-SignedHeaders=host&response-content-disposition=inline%3B%20filename%3D%22IEFE.png%22&response-content-type=image%2Fpng&x-amz-checksum-mode=ENABLED&x-id=GetObject)
logo23,IEW INDIAN ENERGY WEEK.png(https://nocohub-001-prod-app-attachments.s3.us-east-2.amazonaws.com/nc/uploads/2026/02/21/7ba54758a2421d449305e04ab48e5440771148a5/IEW%20INDIAN%20ENERGY%20WEEK_6lRqF.png?X-Amz-Algorithm=AWS4-HMAC-SHA256&X-Amz-Content-Sha256=UNSIGNED-PAYLOAD&X-Amz-Credential=AKIATUJCOBWTFSXT22F2%2F20260716%2Fus-east-2%2Fs3%2Faws4_request&X-Amz-Date=20260716T095938Z&X-Amz-Expires=7222&X-Amz-Signature=a5042e0999c9e9fb19630ffce9306f2cd1c773e60790ca6375ea0486e19fc591&X-Amz-SignedHeaders=host&response-content-disposition=inline%3B%20filename%3D%22IEW%20INDIAN%20ENERGY%20WEEK.png%22&response-content-type=image%2Fpng&x-amz-checksum-mode=ENABLED&x-id=GetObject)
logo24,IEW INDIA ENERGY WEEK 2025.png(https://nocohub-001-prod-app-attachments.s3.us-east-2.amazonaws.com/nc/uploads/2026/02/21/7ba54758a2421d449305e04ab48e5440771148a5/IEW%20INDIA%20ENERGY%20WEEK%202025_UvywH.png?X-Amz-Algorithm=AWS4-HMAC-SHA256&X-Amz-Content-Sha256=UNSIGNED-PAYLOAD&X-Amz-Credential=AKIATUJCOBWTFSXT22F2%2F20260716%2Fus-east-2%2Fs3%2Faws4_request&X-Amz-Date=20260716T095938Z&X-Amz-Expires=7222&X-Amz-Signature=ebf68a47faf366f2ef72fb67be0bf450c5e29e83c0e68a9f474e9f94152f9d40&X-Amz-SignedHeaders=host&response-content-disposition=inline%3B%20filename%3D%22IEW%20INDIA%20ENERGY%20WEEK%202025.png%22&response-content-type=image%2Fpng&x-amz-checksum-mode=ENABLED&x-id=GetObject)
logo26,IFFCO-KISAN.png(https://nocohub-001-prod-app-attachments.s3.us-east-2.amazonaws.com/nc/uploads/2025/10/02/7ba54758a2421d449305e04ab48e5440771148a5/IFFCO-KISAN_P1vkP.png?X-Amz-Algorithm=AWS4-HMAC-SHA256&X-Amz-Content-Sha256=UNSIGNED-PAYLOAD&X-Amz-Credential=AKIATUJCOBWTFSXT22F2%2F20260716%2Fus-east-2%2Fs3%2Faws4_request&X-Amz-Date=20260716T095938Z&X-Amz-Expires=7222&X-Amz-Signature=87abfa48961d39fddbf8a5eab4310a0b20115982d6141bfdd9e2c6f4fc8cd54b&X-Amz-SignedHeaders=host&response-content-disposition=inline%3B%20filename%3D%22IFFCO-KISAN.png%22&response-content-type=image%2Fpng&x-amz-checksum-mode=ENABLED&x-id=GetObject)
logo26,IREDA.png(https://nocohub-001-prod-app-attachments.s3.us-east-2.amazonaws.com/nc/uploads/2025/10/02/7ba54758a2421d449305e04ab48e5440771148a5/IREDA_jW5EJ.png?X-Amz-Algorithm=AWS4-HMAC-SHA256&X-Amz-Content-Sha256=UNSIGNED-PAYLOAD&X-Amz-Credential=AKIATUJCOBWTFSXT22F2%2F20260716%2Fus-east-2%2Fs3%2Faws4_request&X-Amz-Date=20260716T095938Z&X-Amz-Expires=7222&X-Amz-Signature=90df8cc9db7ccbe0d2dd86d8d75b9a682e7a4622c6a16ef289ce2fce0b8b86ca&X-Amz-SignedHeaders=host&response-content-disposition=inline%3B%20filename%3D%22IREDA.png%22&response-content-type=image%2Fpng&x-amz-checksum-mode=ENABLED&x-id=GetObject)
logo27,Japan.png(https://nocohub-001-prod-app-attachments.s3.us-east-2.amazonaws.com/nc/uploads/2025/10/02/7ba54758a2421d449305e04ab48e5440771148a5/Japan_Ml8Z3.png?X-Amz-Algorithm=AWS4-HMAC-SHA256&X-Amz-Content-Sha256=UNSIGNED-PAYLOAD&X-Amz-Credential=AKIATUJCOBWTFSXT22F2%2F20260716%2Fus-east-2%2Fs3%2Faws4_request&X-Amz-Date=20260716T095938Z&X-Amz-Expires=7222&X-Amz-Signature=1588ee2cf0f5b66e1525a3ca0b88ab88d6fa7e36dfe36d3625d925fd867b1983&X-Amz-SignedHeaders=host&response-content-disposition=inline%3B%20filename%3D%22Japan.png%22&response-content-type=image%2Fpng&x-amz-checksum-mode=ENABLED&x-id=GetObject)
logo28,JINDAL-SAW.png(https://nocohub-001-prod-app-attachments.s3.us-east-2.amazonaws.com/nc/uploads/2025/10/02/7ba54758a2421d449305e04ab48e5440771148a5/JINDAL-SAW_I9h1R.png?X-Amz-Algorithm=AWS4-HMAC-SHA256&X-Amz-Content-Sha256=UNSIGNED-PAYLOAD&X-Amz-Credential=AKIATUJCOBWTFSXT22F2%2F20260716%2Fus-east-2%2Fs3%2Faws4_request&X-Amz-Date=20260716T095938Z&X-Amz-Expires=7222&X-Amz-Signature=d1074b633dfadbc3acc9dcc99e268ed6d549d4f21a3c037a5d6904f9949a877f&X-Amz-SignedHeaders=host&response-content-disposition=inline%3B%20filename%3D%22JINDAL-SAW.png%22&response-content-type=image%2Fpng&x-amz-checksum-mode=ENABLED&x-id=GetObject)
logo29,JINDAL-SAW.png(https://nocohub-001-prod-app-attachments.s3.us-east-2.amazonaws.com/nc/uploads/2025/10/02/7ba54758a2421d449305e04ab48e5440771148a5/JINDAL-SAW_H4jYo.png?X-Amz-Algorithm=AWS4-HMAC-SHA256&X-Amz-Content-Sha256=UNSIGNED-PAYLOAD&X-Amz-Credential=AKIATUJCOBWTFSXT22F2%2F20260716%2Fus-east-2%2Fs3%2Faws4_request&X-Amz-Date=20260716T095938Z&X-Amz-Expires=7222&X-Amz-Signature=640bf5847768eec365b536a7e00170a461cbc33f41de5024c94456005e83bfc5&X-Amz-SignedHeaders=host&response-content-disposition=inline%3B%20filename%3D%22JINDAL-SAW.png%22&response-content-type=image%2Fpng&x-amz-checksum-mode=ENABLED&x-id=GetObject)
logo30,Lanzajet.png(https://nocohub-001-prod-app-attachments.s3.us-east-2.amazonaws.com/nc/uploads/2025/10/02/7ba54758a2421d449305e04ab48e5440771148a5/Lanzajet_vtbf4.png?X-Amz-Algorithm=AWS4-HMAC-SHA256&X-Amz-Content-Sha256=UNSIGNED-PAYLOAD&X-Amz-Credential=AKIATUJCOBWTFSXT22F2%2F20260716%2Fus-east-2%2Fs3%2Faws4_request&X-Amz-Date=20260716T095938Z&X-Amz-Expires=7222&X-Amz-Signature=531f598ac0ce66a4634b2cca820918e380c76e212d190dd446ebfb920d410515&X-Amz-SignedHeaders=host&response-content-disposition=inline%3B%20filename%3D%22Lanzajet.png%22&response-content-type=image%2Fpng&x-amz-checksum-mode=ENABLED&x-id=GetObject)
logo31,VERBIO.png(https://nocohub-001-prod-app-attachments.s3.us-east-2.amazonaws.com/nc/uploads/2026/02/21/7ba54758a2421d449305e04ab48e5440771148a5/VERBIO_ZAunq.png?X-Amz-Algorithm=AWS4-HMAC-SHA256&X-Amz-Content-Sha256=UNSIGNED-PAYLOAD&X-Amz-Credential=AKIATUJCOBWTFSXT22F2%2F20260716%2Fus-east-2%2Fs3%2Faws4_request&X-Amz-Date=20260716T095938Z&X-Amz-Expires=7222&X-Amz-Signature=3add5821551d632d3b3779dab16f630afd364565dee5fbbce051779b6731250b&X-Amz-SignedHeaders=host&response-content-disposition=inline%3B%20filename%3D%22VERBIO.png%22&response-content-type=image%2Fpng&x-amz-checksum-mode=ENABLED&x-id=GetObject)
logo32,TRUALT BIOENERGY.png(https://nocohub-001-prod-app-attachments.s3.us-east-2.amazonaws.com/nc/uploads/2026/02/21/7ba54758a2421d449305e04ab48e5440771148a5/TRUALT%20BIOENERGY_QCe2a.png?X-Amz-Algorithm=AWS4-HMAC-SHA256&X-Amz-Content-Sha256=UNSIGNED-PAYLOAD&X-Amz-Credential=AKIATUJCOBWTFSXT22F2%2F20260716%2Fus-east-2%2Fs3%2Faws4_request&X-Amz-Date=20260716T095938Z&X-Amz-Expires=7222&X-Amz-Signature=32b8749ce54243d74e7e4e693de29669878518be5fbb44da823ec12bc9c2f801&X-Amz-SignedHeaders=host&response-content-disposition=inline%3B%20filename%3D%22TRUALT%20BIOENERGY.png%22&response-content-type=image%2Fpng&x-amz-checksum-mode=ENABLED&x-id=GetObject)
logo33,logo-removebg-preview.png(https://nocohub-001-prod-app-attachments.s3.us-east-2.amazonaws.com/nc/uploads/2026/07/16/7ba54758a2421d449305e04ab48e5440771148a5/logo-removebg-preview_ney_5.png?X-Amz-Algorithm=AWS4-HMAC-SHA256&X-Amz-Content-Sha256=UNSIGNED-PAYLOAD&X-Amz-Credential=AKIATUJCOBWTFSXT22F2%2F20260716%2Fus-east-2%2Fs3%2Faws4_request&X-Amz-Date=20260716T095938Z&X-Amz-Expires=7222&X-Amz-Signature=8d9722d2de0ed09c3a735bd0f559dcb95837da32f1e8eaec669a158334863a54&X-Amz-SignedHeaders=host&response-content-disposition=inline%3B%20filename%3D%22logo-removebg-preview.png%22&response-content-type=image%2Fpng&x-amz-checksum-mode=ENABLED&x-id=GetObject)